URL,Version,Status,OIDs,Name,Title,Descriptino,Uses,Used,Sources
http://hl7.org/fhir/ValueSet/address-type,5.0.0,active,"2.16.840.1.113883.4.642.3.69",AddressType,AddressType,"The type of an address (physical / postal).","StructureDefinition/immunization-patient","hl7.fhir.r5.core"
http://hl7.org/fhir/ValueSet/address-use,5.0.0,active,"2.16.840.1.113883.4.642.3.67",AddressUse,AddressUse,"The use of an address.","StructureDefinition/immunization-patient","hl7.fhir.r5.core"
http://hl7.org/fhir/ValueSet/administrative-gender,5.0.0,active,"2.16.840.1.113883.4.642.3.1",AdministrativeGender,AdministrativeGender,"The gender of a person used for administrative purposes.","StructureDefinition/guardian-relation-to-patient,StructureDefinition/relative-relation-to-patient,StructureDefinition/immunization-patient,StructureDefinition/relation-to-patient,StructureDefinition/spouse-relation-to-patient,StructureDefinition/chief-at-birth-relation-to-patient,StructureDefinition/father-relation-to-patient,StructureDefinition/mother-relation-to-patient","hl7.fhir.r5.core"
http://hl7.org/fhir/ValueSet/all-languages,5.0.0,active,"2.16.840.1.113883.4.642.3.21",AllLanguages,All Languages,"This value set includes all possible codes from BCP-47 (see http://tools.ietf.org/html/bcp47)","StructureDefinition/immunization-patient,StructureDefinition/chief-at-birth-relation-to-patient,StructureDefinition/healthcare-service-provider,StructureDefinition/guardian-relation-to-patient,StructureDefinition/spouse-occupation,StructureDefinition/relative-relation-to-patient,StructureDefinition/medical-insurance,StructureDefinition/target-facility-encounter,StructureDefinition/relation-to-patient,StructureDefinition/patient-home-language,StructureDefinition/Vaccines,StructureDefinition/spouse-relation-to-patient,StructureDefinition/medical-insurance-company,StructureDefinition/guardian-occupation,StructureDefinition/date-patient-first-married,StructureDefinition/patient-educational-level,StructureDefinition/father-relation-to-patient,StructureDefinition/generic-social-history-observation-profile,StructureDefinition/mother-relation-to-patient","hl7.terminology.r5"
http://hl7.org/fhir/ValueSet/benefit-network,5.0.0,draft,"2.16.840.1.113883.4.642.3.600,2.16.840.1.113883.4.642.3.608",NetworkTypeCodes,Network Type Codes,"This value set includes a smattering of Network type codes.","StructureDefinition/medical-insurance","THO"
http://hl7.org/fhir/ValueSet/benefit-term,5.0.0,draft,"2.16.840.1.113883.4.642.3.612,2.16.840.1.113883.4.642.3.604",BenefitTermCodes,Benefit Term Codes,"This value set includes a smattering of Benefit Term codes.","StructureDefinition/medical-insurance","THO"
http://hl7.org/fhir/ValueSet/benefit-unit,5.0.0,draft,"2.16.840.1.113883.4.642.3.602,2.16.840.1.113883.4.642.3.610",UnitTypeCodes,Unit Type Codes,"This value set includes a smattering of Unit type codes.","StructureDefinition/medical-insurance","THO"
http://hl7.org/fhir/ValueSet/body-site,5.0.0,draft,"2.16.840.1.113883.4.642.3.653,2.16.840.1.113883.4.642.2.78,2.16.840.1.113883.4.642.3.141",SNOMEDCTBodyStructures,SNOMED CT Body Structures,"This value set includes all codes from [SNOMED CT](http://snomed.info/sct) where concept is-a 442083009 (Anatomical or acquired body site (body structure)).","StructureDefinition/spouse-occupation,StructureDefinition/patient-home-language,StructureDefinition/guardian-occupation,StructureDefinition/date-patient-first-married,StructureDefinition/patient-educational-level,StructureDefinition/generic-social-history-observation-profile","SCT"
http://hl7.org/fhir/ValueSet/condition-code,5.0.0,draft,"2.16.840.1.113883.4.642.3.161,2.16.840.1.113883.4.642.2.72,2.16.840.1.113883.4.642.3.152",ConditionProblemDiagnosisCodes,Condition/Problem/Diagnosis Codes,"Example value set for Condition/Problem/Diagnosis codes.","StructureDefinition/target-facility-encounter","SCT"
http://hl7.org/fhir/ValueSet/contact-point-system,5.0.0,active,"2.16.840.1.113883.4.642.3.71",ContactPointSystem,ContactPointSystem,"Telecommunications form for contact point.","StructureDefinition/guardian-relation-to-patient,StructureDefinition/relative-relation-to-patient,StructureDefinition/relation-to-patient,StructureDefinition/spouse-relation-to-patient,StructureDefinition/chief-at-birth-relation-to-patient,StructureDefinition/father-relation-to-patient,StructureDefinition/mother-relation-to-patient","hl7.fhir.r5.core"
http://hl7.org/fhir/ValueSet/contact-point-use,5.0.0,active,"2.16.840.1.113883.4.642.3.73",ContactPointUse,ContactPointUse,"Use of contact point.","StructureDefinition/guardian-relation-to-patient,StructureDefinition/relative-relation-to-patient,StructureDefinition/relation-to-patient,StructureDefinition/spouse-relation-to-patient,StructureDefinition/chief-at-birth-relation-to-patient,StructureDefinition/father-relation-to-patient,StructureDefinition/mother-relation-to-patient","hl7.fhir.r5.core"
http://hl7.org/fhir/ValueSet/coverage-class,5.0.0,draft,"2.16.840.1.113883.4.642.3.1009",CoverageClassCodes,Coverage Class Codes,"This value set includes Coverage Class codes.","StructureDefinition/medical-insurance","THO"
http://hl7.org/fhir/ValueSet/coverage-copay-type,5.0.0,draft,"2.16.840.1.113883.4.642.3.527",CoverageCopayTypeCodes,Coverage Copay Type Codes,"This value set includes sample Coverage Copayment Type codes.","StructureDefinition/medical-insurance","THO"
http://hl7.org/fhir/ValueSet/coverage-financial-exception,5.0.0,draft,"2.16.840.1.113883.4.642.3.1328",ExampleCoverageFinancialExceptionCodes,Example Coverage Financial Exception Codes,"This value set includes Example Coverage Financial Exception Codes.","StructureDefinition/medical-insurance","THO"
http://hl7.org/fhir/ValueSet/coverage-kind,5.0.0,draft,"2.16.840.1.113883.4.642.3.3244",Kind,Kind,"The kind of coverage: insurance, selfpay or other.","StructureDefinition/medical-insurance","hl7.fhir.r5.core"
http://hl7.org/fhir/ValueSet/coverage-type,5.0.0,draft,"2.16.840.1.113883.4.642.3.520,2.16.840.1.113883.4.642.3.514",CoverageTypeAndSelfPayCodes,Coverage Type and Self-Pay Codes,"This value set includes Coverage Type codes.","StructureDefinition/medical-insurance","THO"
http://hl7.org/fhir/ValueSet/data-absent-reason,5.0.0,active,"2.16.840.1.113883.4.642.3.5",DataAbsentReason,Data Absent Reason,"Used to specify why the normally expected content of the data element is missing.","StructureDefinition/spouse-occupation,StructureDefinition/patient-home-language,StructureDefinition/guardian-occupation,StructureDefinition/date-patient-first-married,StructureDefinition/patient-educational-level,StructureDefinition/generic-social-history-observation-profile","THO"
http://hl7.org/fhir/ValueSet/encounter-admit-source,5.0.0,draft,"2.16.840.1.113883.4.642.3.257,2.16.840.1.113883.4.642.2.144,2.16.840.1.113883.4.642.3.252",AdmitSource,Admit Source,"This value set defines a set of codes that can be used to indicate from where the patient came in.","StructureDefinition/target-facility-encounter","THO"
http://hl7.org/fhir/ValueSet/encounter-diagnosis-use,5.0.0,draft,"2.16.840.1.113883.4.642.4.3321",EncounterDiagnosisUse,Encounter Diagnosis Use,"What a specific Encounter/EpisodeOfCare `diagnosis.condition` is to be used for.","StructureDefinition/target-facility-encounter","hl7.fhir.r5.core"
http://hl7.org/fhir/ValueSet/encounter-diet,5.0.0,draft,"2.16.840.1.113883.4.642.3.255,2.16.840.1.113883.4.642.2.142,2.16.840.1.113883.4.642.3.250",EncounterDiet,Diet,"This value set defines a set of codes that can be used to indicate dietary preferences or restrictions a patient may have.","StructureDefinition/target-facility-encounter","THO"
http://hl7.org/fhir/ValueSet/encounter-discharge-disposition,5.0.0,draft,"2.16.840.1.113883.4.642.3.254,2.16.840.1.113883.4.642.2.145,2.16.840.1.113883.4.642.3.259",DischargeDisposition,Discharge Disposition,"This value set defines a set of codes that can be used to where the patient left the hospital.","StructureDefinition/target-facility-encounter","THO"
http://hl7.org/fhir/ValueSet/encounter-location-status,5.0.0,draft,"2.16.840.1.113883.4.642.3.257,2.16.840.1.113883.4.642.2.147,2.16.840.1.113883.4.642.3.262",EncounterLocationStatus,Encounter Location Status,"The status of the location.","StructureDefinition/target-facility-encounter","hl7.fhir.r5.core"
http://hl7.org/fhir/ValueSet/encounter-participant-type,5.0.0,draft,"2.16.840.1.113883.4.642.3.245,2.16.840.1.113883.4.642.2.139,2.16.840.1.113883.4.642.3.250",ParticipantType,Participant Type,"This value set defines a set of codes that can be used to indicate how an individual participates in an encounter.","StructureDefinition/target-facility-encounter","THO (V3),THO"
http://hl7.org/fhir/ValueSet/encounter-reason,5.0.0,draft,"2.16.840.1.113883.4.642.3.256,2.16.840.1.113883.4.642.2.146,2.16.840.1.113883.4.642.3.261",EncounterReasonCodes,Encounter Reason Codes,"This examples value set defines the set of codes that can be used to indicate reasons for an encounter.","StructureDefinition/target-facility-encounter","SCT"
http://hl7.org/fhir/ValueSet/encounter-reason-use,5.0.0,draft,"2.16.840.1.113883.4.642.4.3320",EncounterReasonUse,Encounter Reason Use,"What a specific Encounter/EpisodeOfCare `reason.value` is to be used for.","StructureDefinition/target-facility-encounter","hl7.fhir.r5.core"
http://hl7.org/fhir/ValueSet/encounter-special-arrangements,5.0.0,draft,"2.16.840.1.113883.4.642.3.248,2.16.840.1.113883.4.642.2.141,2.16.840.1.113883.4.642.3.253",SpecialArrangements,Special Arrangements,"This value set defines a set of codes that can be used to indicate the kinds of special arrangements in place for a patients visit.","StructureDefinition/target-facility-encounter","THO"
http://hl7.org/fhir/ValueSet/encounter-special-courtesy,5.0.0,draft,"2.16.840.1.113883.4.642.3.247,2.16.840.1.113883.4.642.3.252,2.16.840.1.113883.4.642.2.140",SpecialCourtesy,Special Courtesy,"This value set defines a set of codes that can be used to indicate special courtesies provided to the patient.","StructureDefinition/target-facility-encounter","THO (V3)"
http://hl7.org/fhir/ValueSet/encounter-status,5.0.0,draft,"2.16.840.1.113883.4.642.3.246,2.16.840.1.113883.4.642.3.241",EncounterStatus,Encounter Status,"Current state of the encounter.","StructureDefinition/target-facility-encounter","hl7.fhir.r5.core"
http://hl7.org/fhir/ValueSet/encounter-subject-status,5.0.0,draft,"2.16.840.1.113883.4.642.3.3159",EncounterSubjectStatus,Encounter Subject Status,"This example value set defines a set of codes that can be used to indicate the status of the subject within the encounter","StructureDefinition/target-facility-encounter","THO"
http://hl7.org/fhir/ValueSet/encounter-type,5.0.0,draft,"2.16.840.1.113883.4.642.3.243,2.16.840.1.113883.4.642.3.248,2.16.840.1.113883.4.642.2.137",EncounterType,Encounter Type,"This example value set defines a set of codes that can be used to indicate the type of encounter: a specific code indicating type of service provided.","StructureDefinition/target-facility-encounter","THO"
http://hl7.org/fhir/ValueSet/ex-benefitcategory,5.0.0,draft,"2.16.840.1.113883.4.642.3.1174",BenefitCategoryCodes,Benefit Category Codes,"This value set includes examples of Benefit Category codes.","StructureDefinition/medical-insurance","THO"
http://hl7.org/fhir/ValueSet/fm-status,5.0.0,draft,"2.16.840.1.113883.4.642.3.584,2.16.840.1.113883.4.642.3.592",FinancialResourceStatusCodes,Financial Resource Status Codes,"This value set includes Status codes.","StructureDefinition/medical-insurance","hl7.fhir.r5.core"
http://hl7.org/fhir/ValueSet/identifier-type,5.0.0,active,"2.16.840.1.113883.4.642.3.45",IdentifierTypeCodes,Identifier Type Codes,"A coded type for an identifier that can be used to determine which identifier to use for a specific purpose.","StructureDefinition/guardian-relation-to-patient,StructureDefinition/relative-relation-to-patient,StructureDefinition/immunization-patient,StructureDefinition/medical-insurance,StructureDefinition/relation-to-patient,StructureDefinition/spouse-relation-to-patient,StructureDefinition/chief-at-birth-relation-to-patient,StructureDefinition/medical-insurance-company,StructureDefinition/father-relation-to-patient,StructureDefinition/healthcare-service-provider,StructureDefinition/mother-relation-to-patient","THO (V2)"
http://hl7.org/fhir/ValueSet/identifier-use,5.0.0,active,"2.16.840.1.113883.4.642.3.57",IdentifierUse,IdentifierUse,"Identifies the purpose for this identifier, if known .","StructureDefinition/guardian-relation-to-patient,StructureDefinition/relative-relation-to-patient,StructureDefinition/immunization-patient,StructureDefinition/medical-insurance,StructureDefinition/relation-to-patient,StructureDefinition/spouse-relation-to-patient,StructureDefinition/chief-at-birth-relation-to-patient,StructureDefinition/medical-insurance-company,StructureDefinition/father-relation-to-patient,StructureDefinition/healthcare-service-provider,StructureDefinition/mother-relation-to-patient","hl7.fhir.r5.core"
http://hl7.org/fhir/ValueSet/immunization-function,5.0.0,draft,"2.16.840.1.113883.4.642.3.995",ImmunizationFunctionCodes,Immunization Function Codes,"The value set to instantiate this attribute should be drawn from a terminologically robust code system that consists of or contains concepts to support describing the function a practitioner or organization may play in the immunization event. This value set is provided as a suggestive example.","StructureDefinition/Vaccines","THO (V2)"
http://hl7.org/fhir/ValueSet/immunization-funding-source,5.0.0,draft,"2.16.840.1.113883.4.642.3.293",ImmunizationFundingSource,Immunization Funding Source,"The value set to instantiate this attribute should be drawn from a terminologically robust code system that consists of or contains concepts to support describing the source of the vaccine administered. This value set is provided as a suggestive example.","StructureDefinition/Vaccines","THO"
http://hl7.org/fhir/ValueSet/immunization-origin,5.0.0,draft,"2.16.840.1.113883.4.642.3.293,2.16.840.1.113883.4.642.3.296",ImmunizationOriginCodes,Immunization Origin Codes,"The value set to instantiate this attribute should be drawn from a terminologically robust code system that consists of or contains concepts to support describing the source of the data when the report of the immunization event is not based on information from the person, entity or organization who administered the vaccine. This value set is provided as a suggestive example.","StructureDefinition/Vaccines","THO"
http://hl7.org/fhir/ValueSet/immunization-program-eligibility,5.0.0,draft,"2.16.840.1.113883.4.642.3.291",ImmunizationProgramEligibility,Immunization Program Eligibility,"The value set to instantiate this attribute should be drawn from a terminologically robust code system that consists of or contains concepts to support describing the patient's eligibility for a vaccination program. This value set is provided as a suggestive example.","StructureDefinition/Vaccines","THO"
http://hl7.org/fhir/ValueSet/immunization-reason,5.0.0,draft,"2.16.840.1.113883.4.642.2.163,2.16.840.1.113883.4.642.3.290,2.16.840.1.113883.4.642.3.285",ImmunizationReasonCodes,Immunization Reason Codes,"The value set to instantiate this attribute should be drawn from a terminologically robust code system that consists of or contains concepts to support describing the reason why a dose of vaccine was administered. This value set is provided as a suggestive example.","StructureDefinition/Vaccines","SCT"
http://hl7.org/fhir/ValueSet/immunization-route,5.0.0,draft,"2.16.840.1.113883.4.642.3.289,2.16.840.1.113883.4.642.3.284,2.16.840.1.113883.4.642.2.162",ImmunizationRouteCodes,Immunization Route Codes,"The value set to instantiate this attribute should be drawn from a terminologically robust code system that consists of or contains concepts to support describing the administrative routes used during vaccination. This value set is provided as a suggestive example.","StructureDefinition/Vaccines","THO (V3)"
http://hl7.org/fhir/ValueSet/immunization-site,5.0.0,draft,"2.16.840.1.113883.4.642.3.288,2.16.840.1.113883.4.642.3.283,2.16.840.1.113883.4.642.2.161",CodesForImmunizationSiteOfAdministration,Codes for Immunization Site of Administration,"The value set to instantiate this attribute should be drawn from a terminologically robust code system that consists of or contains concepts to support describing the body site where the vaccination occurred. This value set is provided as a suggestive example.","StructureDefinition/Vaccines","THO (V3)"
http://hl7.org/fhir/ValueSet/immunization-status,5.0.0,draft,"2.16.840.1.113883.4.642.3.292,2.16.840.1.113883.4.642.3.295",ImmunizationStatusCodes,Immunization Status Codes,"The value set to instantiate this attribute should be drawn from a terminologically robust code system that consists of or contains concepts to support describing the current status of the administered dose of vaccine.","StructureDefinition/Vaccines","hl7.fhir.r5.core"
http://hl7.org/fhir/ValueSet/immunization-status-reason,5.0.0,draft,"2.16.840.1.113883.4.642.3.992",ImmunizationStatusReasonCodes,Immunization Status Reason Codes,"The value set to instantiate this attribute should be drawn from a terminologically robust code system that consists of or contains concepts to support describing the reason why a dose of vaccine was not administered. This value set is provided as a suggestive example.","StructureDefinition/Vaccines","THO (V3)"
http://hl7.org/fhir/ValueSet/immunization-subpotent-reason,5.0.0,draft,"2.16.840.1.113883.4.642.3.993",ImmunizationSubpotentReason,Immunization Subpotent Reason,"The value set to instantiate this attribute should be drawn from a terminologically robust code system that consists of or contains concepts to support describing the reason why a dose is considered to be subpotent. This value set is provided as a suggestive example.","StructureDefinition/Vaccines","THO"
http://hl7.org/fhir/ValueSet/immunization-target-disease,5.0.0,draft,"2.16.840.1.113883.4.642.3.1047",ImmunizationTargetDiseaseCodes,Immunization Target Disease Codes,"The value set to instantiate this attribute should be drawn from a terminologically robust code system that consists of or contains concepts to support describing the disease that the dose is being administered against. This value set is provided as a suggestive example and includes SNOMED CT concepts from the 64572001 (Disease) hierarchy.","StructureDefinition/Vaccines","SCT"
http://hl7.org/fhir/ValueSet/immunization-vaccine-funding-program,5.0.0,draft,"2.16.840.1.113883.4.642.3.3162",CodesForVaccineFundingPrograms,Vaccine Funding Programs,"The value set to instantiate this attribute should be drawn from a terminologically robust code system that consists of or contains concepts to support describing programs that a patient may be eligible for to cover vaccine administration costs. This value set is provided as a suggestive example.","StructureDefinition/Vaccines","LOINC"
http://hl7.org/fhir/ValueSet/languages,5.0.0,active,"2.16.840.1.113883.4.642.3.891,2.16.840.1.113883.4.642.3.20",CommonLanguages,Common Languages,"This value set includes common codes from BCP-47 (see http://tools.ietf.org/html/bcp47)","StructureDefinition/immunization-patient,StructureDefinition/chief-at-birth-relation-to-patient,StructureDefinition/healthcare-service-provider,StructureDefinition/guardian-relation-to-patient,StructureDefinition/spouse-occupation,StructureDefinition/relative-relation-to-patient,StructureDefinition/medical-insurance,StructureDefinition/target-facility-encounter,StructureDefinition/relation-to-patient,StructureDefinition/patient-home-language,StructureDefinition/Vaccines,StructureDefinition/spouse-relation-to-patient,StructureDefinition/medical-insurance-company,StructureDefinition/guardian-occupation,StructureDefinition/date-patient-first-married,StructureDefinition/patient-educational-level,StructureDefinition/father-relation-to-patient,StructureDefinition/generic-social-history-observation-profile,StructureDefinition/mother-relation-to-patient","hl7.terminology.r5"
http://hl7.org/fhir/ValueSet/link-type,5.0.0,active,"2.16.840.1.113883.4.642.2.234,2.16.840.1.113883.4.642.3.423,2.16.840.1.113883.4.642.3.412",LinkType,Link Type,"The type of link between this Patient resource and another Patient/RelatedPerson resource.","StructureDefinition/immunization-patient","hl7.fhir.r5.core"
http://hl7.org/fhir/ValueSet/location-form,5.0.0,draft,"2.16.840.1.113883.4.642.3.328",LocationForm,Location Form,"This example value set defines a set of codes that can be used to indicate the physical form of the Location.","StructureDefinition/target-facility-encounter","THO"
http://hl7.org/fhir/ValueSet/marital-status,5.0.0,active,"2.16.840.1.113883.4.642.3.29",MaritalStatusCodes,Marital Status Codes,"This value set defines the set of codes that can be used to indicate the marital status of a person.","StructureDefinition/immunization-patient","THO (V3)"
http://hl7.org/fhir/ValueSet/name-use,5.0.0,active,"2.16.840.1.113883.4.642.3.65",NameUse,NameUse,"The use of a human name.","StructureDefinition/guardian-relation-to-patient,StructureDefinition/relative-relation-to-patient,StructureDefinition/immunization-patient,StructureDefinition/relation-to-patient,StructureDefinition/spouse-relation-to-patient,StructureDefinition/chief-at-birth-relation-to-patient,StructureDefinition/father-relation-to-patient,StructureDefinition/mother-relation-to-patient","hl7.fhir.r5.core"
http://hl7.org/fhir/ValueSet/observation-category,5.0.0,draft,"2.16.840.1.113883.4.642.3.403,2.16.840.1.113883.4.642.2.222,2.16.840.1.113883.4.642.3.392",ObservationCategoryCodes,Observation Category Codes,"Observation Category codes.","StructureDefinition/spouse-occupation,StructureDefinition/patient-home-language,StructureDefinition/guardian-occupation,StructureDefinition/date-patient-first-married,StructureDefinition/patient-educational-level,StructureDefinition/generic-social-history-observation-profile","THO"
http://hl7.org/fhir/ValueSet/observation-codes,5.0.0,draft,"2.16.840.1.113883.4.642.2.216,2.16.840.1.113883.4.642.3.396,2.16.840.1.113883.4.642.3.383",LOINCCodes,LOINC Codes,"This value set includes all LOINC codes","StructureDefinition/spouse-occupation,StructureDefinition/patient-home-language,StructureDefinition/guardian-occupation,StructureDefinition/date-patient-first-married,StructureDefinition/patient-educational-level,StructureDefinition/generic-social-history-observation-profile","LOINC"
http://hl7.org/fhir/ValueSet/observation-interpretation,5.0.0,active,"2.16.840.1.113883.4.642.3.399,2.16.840.1.113883.4.642.3.386,2.16.840.1.113883.4.642.2.218",ObservationInterpretationCodes,Observation Interpretation Codes,"A categorical assessment, providing a rough qualitative interpretation of the observation value,    such as “normal”/ “abnormal”,”low” / “high”, “better” / “worse”, “susceptible” / “resistant”, “expected”/ “not expected”.    The value set is intended to be for ANY use where coded representation of an interpretation is needed.             Notes:          This is being communicated in v2.x in OBX-8 (Observation Interpretation), in v3 in ObservationInterpretation (CWE) in R1 (Representative Realm) and in FHIR in    Observation.interpretation. Historically these values come from the laboratory domain, and these codes are extensively    used. The value set binding is extensible, so codes outside the value set that are needed for interpretation concepts    (i.e. particular meanings) that are not included in the value set can be used, and these new codes may also be added to    the value set and published in a future version.","StructureDefinition/spouse-occupation,StructureDefinition/patient-home-language,StructureDefinition/guardian-occupation,StructureDefinition/date-patient-first-married,StructureDefinition/patient-educational-level,StructureDefinition/generic-social-history-observation-profile","THO (V3)"
http://hl7.org/fhir/ValueSet/observation-methods,5.0.0,draft,"2.16.840.1.113883.4.642.2.215,2.16.840.1.113883.4.642.3.395,2.16.840.1.113883.4.642.3.382",ObservationMethods,Observation Methods,"Observation Method codes from [SNOMED CT](http://snomed.info/sct) where concept is-a 272394005 (Technique (qualifier value)) or is-a 129264002 (Action (qualifier value)) or is-a 386053000 (Evaluation procedure(procedure))","StructureDefinition/spouse-occupation,StructureDefinition/patient-home-language,StructureDefinition/guardian-occupation,StructureDefinition/date-patient-first-married,StructureDefinition/patient-educational-level,StructureDefinition/generic-social-history-observation-profile","SCT"
http://hl7.org/fhir/ValueSet/observation-referencerange-normalvalue,5.0.0,draft,"2.16.840.1.113883.4.642.3.3264",ObservationReferenceRangeNormalValueCodes,Observation Reference Range Normal Value Codes,"Codes that describe the normal value in the reference range, such as “Negative” or “Absent”","StructureDefinition/spouse-occupation,StructureDefinition/patient-home-language,StructureDefinition/guardian-occupation,StructureDefinition/date-patient-first-married,StructureDefinition/patient-educational-level,StructureDefinition/generic-social-history-observation-profile","hl7.fhir.r5.core"
http://hl7.org/fhir/ValueSet/observation-status,5.0.0,active,"2.16.840.1.113883.4.642.3.400,2.16.840.1.113883.4.642.3.387,2.16.840.1.113883.4.642.2.219",ObservationStatus,Observation Status,"Codes providing the status of an observation.","StructureDefinition/spouse-occupation,StructureDefinition/patient-home-language,StructureDefinition/guardian-occupation,StructureDefinition/date-patient-first-married,StructureDefinition/patient-educational-level,StructureDefinition/generic-social-history-observation-profile","hl7.fhir.r5.core"
http://hl7.org/fhir/ValueSet/observation-triggeredbytype,5.0.0,active,"2.16.840.1.113883.4.642.3.3265",TriggeredBytype,triggered Bytype,"Codes providing the type of triggeredBy observation.","StructureDefinition/spouse-occupation,StructureDefinition/patient-home-language,StructureDefinition/guardian-occupation,StructureDefinition/date-patient-first-married,StructureDefinition/patient-educational-level,StructureDefinition/generic-social-history-observation-profile","hl7.fhir.r5.core"
http://hl7.org/fhir/ValueSet/organization-type,5.0.0,draft,"2.16.840.1.113883.4.642.2.228,2.16.840.1.113883.4.642.3.414,2.16.840.1.113883.4.642.3.403",OrganizationType,Organization Type,"This example value set defines a set of codes that can be used to indicate a type of organization.","StructureDefinition/medical-insurance-company,StructureDefinition/healthcare-service-provider","THO"
http://hl7.org/fhir/ValueSet/patient-contactrelationship,5.0.0,active,"2.16.840.1.113883.4.642.3.1130",PatientContactRelationship,Patient Contact Relationship ,"The nature of the relationship between the patient and the contact person.","StructureDefinition/immunization-patient","THO (V2)"
http://hl7.org/fhir/ValueSet/referencerange-appliesto,5.0.0,draft,"2.16.840.1.113883.4.642.3.407,2.16.840.1.113883.4.642.3.396",ObservationReferenceRangeAppliesToCodes,Observation Reference Range Applies To Codes,"This value set defines a set of codes that can be used to indicate the particular target population the reference range applies to.","StructureDefinition/spouse-occupation,StructureDefinition/patient-home-language,StructureDefinition/guardian-occupation,StructureDefinition/date-patient-first-married,StructureDefinition/patient-educational-level,StructureDefinition/generic-social-history-observation-profile","SCT"
http://hl7.org/fhir/ValueSet/referencerange-meaning,5.0.0,draft,"2.16.840.1.113883.4.642.3.397,2.16.840.1.113883.4.642.2.217,2.16.840.1.113883.4.642.3.384",ObservationReferenceRangeMeaningCodes,Observation Reference Range Meaning Codes,"This value set defines a set of codes that can be used to indicate the meaning/use of a reference range for a particular target population.","StructureDefinition/spouse-occupation,StructureDefinition/patient-home-language,StructureDefinition/guardian-occupation,StructureDefinition/date-patient-first-married,StructureDefinition/patient-educational-level,StructureDefinition/generic-social-history-observation-profile","THO"
http://hl7.org/fhir/ValueSet/relatedperson-relationshiptype,5.0.0,draft,"2.16.840.1.113883.4.642.2.259,2.16.840.1.113883.4.642.3.442,2.16.840.1.113883.4.642.3.449",PatientRelationshipType,Patient Relationship Type,"A set of codes that can be used to indicate the relationship between a Patient and a Related Person.","StructureDefinition/guardian-relation-to-patient,StructureDefinition/relative-relation-to-patient,StructureDefinition/relation-to-patient,StructureDefinition/chief-at-birth-relation-to-patient,StructureDefinition/father-relation-to-patient,StructureDefinition/mother-relation-to-patient","THO (V3),THO (V2)"
http://hl7.org/fhir/ValueSet/service-type,5.0.0,draft,"2.16.840.1.113883.4.642.3.512,2.16.840.1.113883.4.642.3.518",ServiceType,Service Type,"This value set defines an example set of codes of service-types.","StructureDefinition/target-facility-encounter","THO"
http://hl7.org/fhir/ValueSet/subscriber-relationship,5.0.0,draft,"2.16.840.1.113883.4.642.3.1385",SubscriberRelationshipCodes,SubscriberPolicyholder Relationship Codes,"This value set includes codes for the relationship between the Subscriber and the Beneficiary (insured/covered party/patient).","StructureDefinition/medical-insurance","THO"
http://openhie.org/fhir/zambia-immunizations/ValueSet/vs-administrative-sex,1.0.0,active,,AdministrativeSex,Administrative Sex,"A List of Administrative Sex codes.","StructureDefinition/administrative-sex","THO (V2)"
http://openhie.org/fhir/zambia-immunizations/ValueSet/vs-home-language,1.0.0,active,,VSHomeLanguage,Patient's Home Language,"A list of languages.","StructureDefinition/patient-home-language","Internal"
http://openhie.org/fhir/zambia-immunizations/ValueSet/vs-loinc-education-level-attained,1.0.0,active,,VSLOINCEducationLevelAttained,Patient's highest education level attained (LOINC),"A list of LOINC education levels.","StructureDefinition/patient-educational-level","LOINC"
http://openhie.org/fhir/zambia-immunizations/ValueSet/vs-proprietary-education-level-attained,1.0.0,active,,VSProprietaryEducationLevelAttained,Patient's highest education level attained (Proprietary),"A list of proprietary education levels.",,"Internal"
http://openhie.org/fhir/zambia-immunizations/ValueSet/vs-spouse-relation-type,1.0.0,active,,VSSpouseRelationCodes,Spouse Relation Types,"Codes for classifying the type of spouse.","StructureDefinition/spouse-relation-to-patient","SCT"
http://openhie.org/fhir/zambia-immunizations/ValueSet/vs-vaccines,1.0.0,active,,VSVaccines,Vaccine Codes,"A List of Vaccine Codes Use In Zambia","StructureDefinition/Vaccines","LOINC,Other"
http://phinvads.cdc.gov/fhir/ValueSet/2.16.840.1.114222.4.11.7901,1,active,,PHVS_Occupation_CDC_ONET-SOC2010_ODH,Occupation CDC ONET-SOC 2010 (ODH),"The Occupation CDC O*NET-SOC 2010 (ODH) value set is to be used to capture self-reported occupation within electronic health information systems to support direct patient care, population health and public health activities.  Occupation is the type of work done by the subject.  It is based on the 2010 O*Net-SOC Classification System.  For more information, a mapping to 2010 Census Codes, and tips on using this value set go to the Occupational Data for Health (ODH) Hot Topics section on the PHIN VADS home page.","StructureDefinition/spouse-occupation,StructureDefinition/guardian-occupation","Other"
http://terminology.hl7.org/ValueSet/encounter-class,1.0.0,draft,,EncounterClass,Encounter class,"This value set defines a set of codes that can be used to indicate the class of encounter: a specific code indicating class of service provided.","StructureDefinition/target-facility-encounter","THO (V3)"
http://terminology.hl7.org/ValueSet/v2-0092,2.0.0,active,"2.16.840.1.113883.21.40",Hl7VSReAdmissionIndicator,hl7VS-re-admissionIndicator,"Value Set of codes which are used to specify that a patient is being re-admitted to a healthcare facility from which they were discharged, and indicates the circumstances around such re-admission.","StructureDefinition/target-facility-encounter","THO (V2)"
http://terminology.hl7.org/ValueSet/v3-ActPriority,2.0.0,active,"2.16.840.1.113883.1.11.16866",ActPriority,ActPriority,"A code or set of codes (e.g., for routine, emergency,) specifying the urgency under which the Act happened, can happen, is happening, is intended to happen, or is requested/demanded to happen.    *Discussion:* This attribute is used in orders to indicate the ordered priority, and in event documentation it indicates the actual priority used to perform the act. In definition mood it indicates the available priorities.","StructureDefinition/target-facility-encounter","THO (V3)"
http://terminology.hl7.org/ValueSet/v3-ReligiousAffiliation,2.0.0,active,"2.16.840.1.113883.1.11.19185",ReligiousAffiliation,ReligiousAffiliation,"Assigment of spiritual faith affiliation","StructureDefinition/immunization-patient","THO (V3)"
